20150525_191858_977.mp4,https://drive.google.com/file/d/1KgWI_-5hOpLVXq-qvrphwT1ifyOxp01E
20150524_211347_982.mp4,https://drive.google.com/file/d/19mNrBIAPqegFcXv5b0hQ_uWY1YVX_rLJ
20150522_133013_148.mp4,https://drive.google.com/file/d/1FH7klb3uMh99xXhAy_yPe214ud0Dja-T
20150523_210244_184.mp4,https://drive.google.com/file/d/1NwgyfJ3AUL8RoXGmznxGZHTz5bMll6KG
20150521_200226_847.mp4,https://drive.google.com/file/d/16buvdLLTLqkmZrYY6-QlHZVjOYUVDw-l
20150521_184244_382.mp4,https://drive.google.com/file/d/1FzfPRHKXnliMZZD9Gd3cOnJoJnk-dMj6
20150520_161709_785.mp4,https://drive.google.com/file/d/1-kR8BJOF_DeCmjMbZywmEpQOFM9o6z5e
20150518_200236_527.mp4,https://drive.google.com/file/d/10YVnQokpQdftuX8KwMmjTIbRlU--LTjP
20150515_185329_516.mp4,https://drive.google.com/file/d/1R8YhuhffAZAoAVwatQZsesz6x3FG0oXc
20150514_202056_653.mp4,https://drive.google.com/file/d/1EmFQH8c1Pdu439Idzlqwe4qKZR_txjcV
20150512_185333_513.mp4,https://drive.google.com/file/d/1ibSpw9V0vTbH23FvfJYUDSTRRj2EBAWo
20150510_172810_868.mp4,https://drive.google.com/file/d/1U0znGzHhfhGVW6vmrwB1IwgD0r-s2j8O
20150509_181947_468.mp4,https://drive.google.com/file/d/1U9OjBKTBDU104BNMPsgQdVV1wnIzltcM
20150503_143344_987.mp4,https://drive.google.com/file/d/1fif5GK9DwfCLY0PD4j4ZPGWjnO3PHStt
20150507_150126_249.mp4,https://drive.google.com/file/d/1iBf6E2qiTk8xhy-PwHYcDOUyHyW4QBb3
20150430_162438_129.mp4,https://drive.google.com/file/d/16nXKKe9mgKMuXhZx5BpZ4pjCv9TRJuuf
20150426_143037_240.mp4,https://drive.google.com/file/d/1MTRfUETPzKC4uMie24hzpc4En4vK1e2u
20150411_134309_928.mp4,https://drive.google.com/file/d/1BG6-M0WX1dVk9Hc9_RV5AjnRHyt5qutV
20150410_151542_380.mp4,https://drive.google.com/file/d/1FYDLzZwvJKQIRQ6ZqMpIJ2JFuhC5kmaj
20150408_145203_458.mp4,https://drive.google.com/file/d/10z-CRQ4MjlOCXE5GTXztFzcx7qUvhgLw
20150406_095444_928.mp4,https://drive.google.com/file/d/1Afq5DqQ8Et6LmNr9K3_Z_iBmOv8WToA7
20150401_182419_207.mp4,https://drive.google.com/file/d/16cSrH454Pd8xRVtmojfo17drxdCtUbZC
20150329_175149_002.mp4,https://drive.google.com/file/d/1GJhl8UpJDAwoYhQtGshx4V8WAi77JrTC
20150317_160829_517.mp4,https://drive.google.com/file/d/12AJjtdG-YiFa0blfiJoVKAdOgNBH7veP
20150324_173951_618.mp4,https://drive.google.com/file/d/1S2t_nF7m6Bu0eVtJOHQy5Hjc0xomUPNF
20150312_160458_634.mp4,https://drive.google.com/file/d/19M0rtuR8_J7s6CqWqL_kiuIpQCthxGu-
20150222_164908_256.mp4,https://drive.google.com/file/d/1QNViPR7mtLgSjkx_pbSq6vBN-4C3XHDd
20150316_133901_259.mp4,https://drive.google.com/file/d/1W78YJdCa-HNWHXO5uFglIlpk-OlYxwi1
20150213_115906_604.mp4,https://drive.google.com/file/d/1LGR_Bkw77AVXmnPwrFnGlHebKDCQ45-G
20150203_120911_968.mp4,https://drive.google.com/file/d/1FKuLzWB98h8B4suUEUCHN1anj2SOID5r
20150130_160543_649.mp4,https://drive.google.com/file/d/1pyIY-4K8cygbHhi1zQ4rteVD-8GGPop8
20150205_134757_620.mp4,https://drive.google.com/file/d/1yGGUKJuuxcK7tK8FsGgcEikniUqdI_aO
20150127_135442_228.mp4,https://drive.google.com/file/d/1mMF9UJwR4-43JifWjHNwjh7K3l4QrISh
20150125_123506_436.mp4,https://drive.google.com/file/d/1mu3nUkQt06_Q8tqqveACrdyRU0vKXkpf
20150120_161845_689.mp4,https://drive.google.com/file/d/1FcuW-V0QIw7htXnbFPGdnA7pCscEb2xH
20150119_131825_726.mp4,https://drive.google.com/file/d/1HWupc3HkGGq4kjHDaNtHvow2RhaGt9QW
20150109_132444_725.mp4,https://drive.google.com/file/d/17bqHQ8QOfKNLiwRAOi2IKbvk73jt263i
20150112_140104_676.mp4,https://drive.google.com/file/d/19BGBCU1eCr-_dx2y0VW-RM5HSCe6dRKn
20141216_151916_518.mp4,https://drive.google.com/file/d/1C3d5qG0xZX7RIi0YnolmE8D_Bkypidbv
20141219_124857_320.mp4,https://drive.google.com/file/d/1hT8aUKCltW8x-ZkRIPBX6X8zip3JOcrh
20150106_122652_076.mp4,https://drive.google.com/file/d/1lNBAfEeqIcf36bxexNVj0XB5YSSRl0dU
20141126_113108_948.mp4,https://drive.google.com/file/d/1brthxJiC7qMLCOQkTy7jKgYumWnYn5FH
20141120_131923_454.mp4,https://drive.google.com/file/d/1eyz1hqnpoEGCicE3dlS1I0WUX3T7hHJQ
20141129_142849_812.mp4,https://drive.google.com/file/d/1xb-hsWPMLMz6XoRTh1xz5rWpZKyAdh48
20141030_135114_847.mp4,https://drive.google.com/file/d/1SsQG6g_3AU2AFgVAiLcVvqSgBWYABRpj
20141103_094911_514.mp4,https://drive.google.com/file/d/1wV8kcQqNOuLuAXUiBByJrQ-nMqhddonE
20141027_131547_425.mp4,https://drive.google.com/file/d/1FBwQ9V4qSGW-dwfJBiX41d7KPQHv10-V
20141028_115722_211.mp4,https://drive.google.com/file/d/1fdm23qm5TR4ySkKbwN-E7OZ_u_BVYSXM
20141025_175748_280.mp4,https://drive.google.com/file/d/1c8QDWMPDSfxIP_NFGXLY0cuM-Vu8qrVZ
20141023_120402_424.mp4,https://drive.google.com/file/d/1Yj3H3e986cY35zWocpXX5n5knhzHIEKy
20141019_150508_959.mp4,https://drive.google.com/file/d/1C-jxPHBSh72lRhXLGgCHOMtuPQ_ypbEH
20141015_161746_653.mp4,https://drive.google.com/file/d/1Zy_TjyAyXJil5_inIQKUc5WYJstm-FOZ
20141016_180651_373.mp4,https://drive.google.com/file/d/1zUS328iQi1bLIWZIkUB-FbHpCQawDjKD
20141013_180629_736.mp4,https://drive.google.com/file/d/1ESgZHnIC6VMVpWAE0SNl6qerdXk2NEcl
20141009_185447_957.mp4,https://drive.google.com/file/d/1-KzjGv7YnYaReq8uhSCFPda-VFfOnShj
20141011_155639_773.mp4,https://drive.google.com/file/d/1KfFv3Vp1nVdaOBPnY2wjBR2XtmNmOniV
20141008_154205_152.mp4,https://drive.google.com/file/d/1JUEtQIDif0I9raggUXo0vUXXtHsMz19g
20141004_171007_314.mp4,https://drive.google.com/file/d/1NmAdbdbzD5I8Zjwb6qTmlnDPj05HtN-6
20141001_163756_772.mp4,https://drive.google.com/file/d/15Ai3qiEdK_MUE-sKfc8mSDTlcGiPfObJ
20140930_114708_495.mp4,https://drive.google.com/file/d/1tAuw_GHxCrK93eJb6EsRxKi2e3jQmWFm
20150525_172148_550.mp4,https://drive.google.com/file/d/14JogXTbGrJxn33OSwuVYZ5Zz1YvZXRZf
20150524_205525_707.mp4,https://drive.google.com/file/d/1sbm5cl_KN_uCtIB9B2Acu7ZQLLhW9KZ-
20150520_155106_930.mp4,https://drive.google.com/file/d/1UcmQU21VLiespBPFsLO28sRiEXIHaMWB
20150518_151546_617.mp4,https://drive.google.com/file/d/1L1UlsbkE1t89o11mhv5mtqDP8R0EjYXk
20150512_191941_300.mp4,https://drive.google.com/file/d/1JLpVR3OUIrcGBJrW269XSiw3bjEEXhQx
20150509_180025_001.mp4,https://drive.google.com/file/d/13qgJkmfhZNeAT5h_Iug-ZzmyWFs75DOW
20150328_151014_887.mp4,https://drive.google.com/file/d/1RYPd44Ax2Jnda6Z5ukXqYMjTjQ7k3t75
20150317_125902_845.mp4,https://drive.google.com/file/d/1a_oOiD2ZpYhVD8SgwhdX-anvjRVkYl54
20150208_160238_593.mp4,https://drive.google.com/file/d/1NooP8R34tGcRdudTkxXtuRejoXvvXckp
20150121_132745_747.mp4,https://drive.google.com/file/d/1iaXIIWAwHWIpS64S3kb7UBFnS5GrgpXH
20141030_143828_844.mp4,https://drive.google.com/file/d/1VIh5Va2ogNS-HP1J9BLndEHsoB94nElD
20141028_145142_772.mp4,https://drive.google.com/file/d/14EuE0cW2kt-DzN1w3iH2G_bHGeDtuHA_
20141026_183826_414.mp4,https://drive.google.com/file/d/1J4G0dfPEZPGKr61tfS2xGqu98FOWVk6-
20141019_175533_029.mp4,https://drive.google.com/file/d/1ERK1nCrAqGNPA4TCaZymsVkPAerjyzVC
20141019_173733_820.mp4,https://drive.google.com/file/d/1BLt0zYR1IUgDcYlYrfp4Ysgs2nv8Bshr
20141019_164919_101.mp4,https://drive.google.com/file/d/1oQSzsiJJ-c67Pha9mm1Eioe2HK7C42pM
20141019_155555_270.mp4,https://drive.google.com/file/d/13Stg4WWSvmHsaILXMSFkSmQltMm6BpN-
20141011_120104_835.mp4,https://drive.google.com/file/d/1A572tmO4xgyFXN2w2vh_5V7CE17kjVuM
20141006_132312_894.mp4,https://drive.google.com/file/d/1u_XFaYL6UfHxLKMg73eF-0WX1YHEg_2p
20140913_172950_458.mp4,https://drive.google.com/file/d/13eOJS0uRZr3z2gc3iYAJFZkz8w4JfCLF